<?xml version="1.0" encoding="UTF-8"?>
<beans xmlns="http://www.springframework.org/schema/beans"
       xmlns:xsi="http://www.w3.org/2001/XMLSchema-instance"
       xmlns:context="http://www.springframework.org/schema/context"
       xsi:schemaLocation="http://www.springframework.org/schema/beans
                           http://www.springframework.org/schema/beans/spring-beans.xsd
                           http://www.springframework.org/schema/context
                           http://www.springframework.org/schema/context/spring-context.xsd">

    <!-- Enable component scanning for the com.library package -->
    <context:component-scan base-package="com.library" />

    <!-- Configure constructor injection for BookService -->
    <bean id="bookService" class="com.library.service.BookService">
        <constructor-arg ref="bookRepository" />
    </bean>

    <!-- Define BookRepository bean -->
    <bean id="bookRepository" class="com.library.repository.BookRepository" />

    <!-- Optionally, you can configure setter injection in a different bean definition -->
    <!-- <bean id="anotherBookService" class="com.library.service.BookService">
        <property name="bookRepository" ref="bookRepository" />
    </bean> -->

</beans>


